H,part,age
1.105020755604549,0.7611852107906114,6.672165
1.0828286658103083,0.832171392733387,4.599798
1.2021405355806,0.8096794103724241,5.106197
1.07179793751669,0.7996147226426338,4.471116
1.22688978752427,0.759420541280898,7.370332
0.9828485343515819,0.800044612110593,7.441631
0.9932541824978829,0.8051478126949343,6.907739
1.0705165068824625,0.8178455261069979,4.933823
1.1208954639412716,0.7944896916936776,5.637351
0.7403277806475256,0.8245147116641928,6.464198
1.1569422261867768,0.7768414066843192,5.883762
1.230558599770237,0.8047729566656718,7.436155
0.8337364901988551,0.8113694870289071,6.261479
1.0939744532805136,0.7658816682695158,7.039159
1.0819417125737971,0.8166914680601153,5.916617
1.076954147993942,0.8237976364840729,4.48743
1.211729530786502,0.7961954662560804,7.794821
0.9882428901562689,0.8116260996530451,5.087031
1.258453344323908,0.782517651393275,5.363446
1.0022381347626697,0.8148210541431621,5.568789
0.9913387052721103,0.802038460550904,5.412728
1.0819910122023564,0.8178928225778105,7.860531
1.197981063028977,0.8175744476146982,6.343616
1.1481758246060998,0.7996594010603623,8.038495
1.2999082853457866,0.7668175244171745,5.935782
0.991009522370433,0.8148760479227733,5.935782
1.265872289331531,0.753721850849075,6.058988
1.283989663017284,0.7650101553989329,7.228074
1.1615019960655417,0.7697479883321979,7.66055
1.1020118429668768,0.7818112362141376,7.66055
1.2054421803426625,0.8123435158973134,5.744015
1.1771319385269545,0.7724008303943759,6.313614
1.1674914941183883,0.7896677746125027,6.957022
0.8384033340637533,0.8126916599491953,5.292374
1.0761756455011708,0.7854398152588228,5.089769
1.0625705463238244,0.8317635727023902,8.336927
0.8655608072554618,0.8301077097834145,4.109598
1.098606976944242,0.8247559845762286,4.610521
0.9751691193021361,0.8319311344716743,5.735801
1.1421361206948142,0.7528177579840458,10.59011
1.2236355858489292,0.7489483852243711,8.583224
1.1636135539786696,0.7548514578658098,8.583224
1.0280434070382805,0.8015571155240657,9.897534
0.8731472499202602,0.7806892832275522,9.341739
1.0243441405920446,0.8157256662797017,5.870073
1.1473733124525798,0.7758740319103603,6.83644
1.07026589189762,0.7827165845656271,6.168504
1.2191899891423847,0.7766926580366943,6.948694
1.1806404940737807,0.8310122818003091,6.111008
1.0780066306549017,0.8145266720866254,6.215163
1.1508378074801409,0.7662516600089541,5.303326
1.2698418322364828,0.7343175226062058,7.176168
1.236473966665773,0.7368983311892576,8.936528
1.2024534513122327,0.7464742867025934,5.826266
1.2482977447800512,0.7847595682624074,8.528694
1.2062149584555788,0.7604105853492495,6.352058
1.226037285863614,0.763774764635663,8.671066
1.0555301423199024,0.787227555555225,6.688821
1.0916316361717073,0.781637774012419,7.061062
1.0742471667590887,0.7737027035036639,7.239026
1.2167713999658902,0.8245813361827433,7.980999
1.0947516612569608,0.8028728286222027,6.354796
1.244391155268661,0.8214612998384919,7.646974
1.0189212957020708,0.8370854874533569,4.375175
1.2617611572281229,0.7554141898081084,8.043857
0.8966254881708439,0.7888123147343881,7.219747
1.2885867094313141,0.7724642528953948,6.902264
1.3818820012324449,0.8337503919572832,4.577781
0.9659237274314099,0.816687739033222,7.137609
1.2168063202070136,0.8120238307153461,7.047373
1.032096347506461,0.7642336724466366,5.319639
1.2560519117802524,0.722480433017778,8.134322
0.5555388252451539,0.8336298616196105,5.58533
1.3035896766407364,0.7723508995477658,7.857793
1.205410470187628,0.8112572604332365,7.570313
0.9765953008182037,0.768875417073215,5.71675
1.1262639271988646,0.7779384206810859,5.590692
1.0782885849204877,0.7745577386137594,7.671615
1.232954978847114,0.7424280113812113,8.25479
0.953223546375728,0.8129964518253242,5.656402
1.1335803791495545,0.778844872590573,5.93852
1.2479372184518123,0.788912318740769,9.631843
1.2779279800667789,0.8146744715205856,5.204761
1.1471544748734308,0.806316405975455,6.529794
1.0404501714260257,0.8148833045062486,7.734587
1.1901338616088255,0.7567199442951759,9.563395
0.9792465978399507,0.8175818795390627,8.386095
1.1431465502004872,0.8024907497284707,4.249232
1.294494849229762,0.7898631856167249,5.78246
1.1436109245404331,0.7919520337987866,5.013108
1.0076492809523825,0.7845676647668166,6.683117
1.0296832383496257,0.8183787450081909,4.807651
1.2403997515879126,0.7961993067859668,6.242428
1.0789096814018477,0.8192664972930551,7.581265
1.1556260769626896,0.7849853730525314,7.690781
1.3356061036858324,0.823251425440197,5.451287
1.1928697935012942,0.8025925749135203,5.007632
1.2145128365134308,0.7641669500738568,6.992614
1.1945675658873802,0.7558621937256064,6.398603
1.1655060445889724,0.7493473948629101,8.427392
0.9170520172806974,0.7978251590619669,5.571755
1.2140127878094134,0.7677541159441406,7.72375
0.9816854726403108,0.814755498431224,4.966563
1.168020191948232,0.8315414823542775,6.34932
0.8655065735522841,0.7893292380217671,5.366412
1.1536046891502871,0.7521854843364315,8.109681
1.2160398346593029,0.8243384303487638,6.524546
1.1919009515624237,0.7967935822917824,5.363674
1.0923370254803066,0.8089072225597173,5.363674
1.274675772445192,0.8199850613375028,4.972039
1.0964503110783346,0.8367295418779999,5.727816
1.1928466034575045,0.7915280235088856,7.384249
1.1155882483305235,0.7853922658916541,5.448549
0.8547999042462462,0.8099399047474799,5.891976
1.1719529588904383,0.7928681924980725,5.949472
1.1744901744090408,0.7761345549712868,6.226001
1.3176911096515023,0.7625766418189285,7.679715
1.0045459307909768,0.8119578031235939,5.070604
1.1726108248924385,0.7415252883260895,7.660778
1.1068840376194975,0.7833790913942918,6.135764
1.1605004281740947,0.7911214725124925,7.373298
1.2302803104967774,0.7839803399947395,6.409554
1.260425556028437,0.7874823565280107,7.510193
1.1330489756127953,0.7963519522405733,5.311426
0.6898439363431886,0.8150412827269722,5.42368
1.1805253766076367,0.8124978558256192,5.434631
1.2294295548856584,0.7720434748261389,6.883098
1.217041379374639,0.8296806837107724,4.011034
1.2309391413675632,0.7843492232311501,7.830528
1.2863165721975076,0.7869416407662133,6.138388
